,Alpha(B.1.1.7),Beta(B.1.351),Delta(B1.617.2),Epsilon(B.1.427),Eta(B.1.525),Gamma(P.1),Iota(B.1.526),Kappa(B.1.617.1),Lambda(C.37),Mu(B.1.621),Omicron(BA.1),Zeta(P.2)
GCATTAATGCTTCAG,100,100,100,100,100,0,100,100,99,100,100,0
ACTTTGTCCGAACAA,0,100,99,100,100,100,100,100,100,100,100,100
ATTATTATGAGGACT,100,100,100,100,100,100,100,100,100,100,0,99
GTTCCCACTTACAAG,100,62,100,100,0,100,100,100,100,100,98,100
ACCTGTATAGATTGT,99,99,0,0,99,100,100,0,0,99,95,98
AGCAAAATGTCTGGT,2,100,99,100,100,100,0,94,100,100,100,2
GTCTAGCTGTCCACG,99,100,100,100,99,100,100,99,100,0,100,98
CTTGCTGTTTTTCAT,0,98,0,100,0,1,99,0,0,100,0,0
AGGCCTTAAATTCCC,0,0,100,0,0,0,0,0,0,0,5,0
GAACAAACTAAATGT,97,0,73,0,0,0,97,96,4,0,0,0
CTTACGCAATATAAT,100,100,100,100,100,100,0,100,0,100,99,100
AGGGGAATTTCTCCT,0,99,0,100,99,0,0,0,0,97,0,0
AGACTAATTCTCCTC,0,99,0,99,0,100,100,0,96,0,1,100
GTCACTTGGTGCAGA,99,0,100,100,80,100,0,100,100,100,97,100
ACCCACAAATTTTAC,0,100,99,99,100,100,100,100,100,100,99,98
TACTAATTGTTACGA,100,99,94,90,99,98,100,100,99,98,100,82
TAGTTTGTCTGGTTT,1,0,100,100,0,0,0,100,0,100,9,100
GTAATGGTGTTGAAG,99,0,96,100,0,99,32,0,99,1,5,4
TCTTACAACCAGAAC,92,35,0,99,98,1,100,100,96,96,96,93
CTAATGGTGTTGGTT,0,0,98,100,100,0,100,100,96,0,4,97
GATACTAGTTTGAAG,98,99,0,0,99,41,97,0,83,0,0,0
GAACAAACTAAATGT,97,0,73,0,0,0,97,96,4,0,0,0
ATAGCAGTCGAGATG,0,0,0,0,0,99,0,0,0,0,0,0
AATCTCGCACCATTT,0,0,0,0,0,0,0,0,0,0,89,0
GCATTAATGCTTCAT,0,0,0,0,0,100,0,0,0,0,0,100
AGGCAGCAGTAGGGG,1,99,0,100,100,49,100,0,0,100,1,0
TTCATAGCGCTTCCA,0,99,0,100,0,1,100,0,0,100,0,0
CAGACAACTACTATT,100,200,200,200,200,199,200,200,196,200,200,200
AGGTGAAATCAAGGA,100,100,94,100,100,99,97,100,99,74,97,97
TTGATACTAGTTTGT,2,0,100,99,0,59,3,100,0,100,21,100
ATACAGGGCTTTTGA,100,100,100,100,100,100,100,100,0,100,100,100
CTAATTGTTACTACT,0,0,0,10,0,1,0,0,0,0,0,3
ACATCTTCAATGGGG,0,99,0,100,1,0,100,0,1,0,0,0
TTTAGATTTCATCTA,100,0,0,98,99,100,100,98,4,97,99,2
ACACCTTCAATGGGG,99,0,98,0,98,100,0,100,97,100,99,100
TTAACGGCCTTACTG,99,94,100,100,100,100,100,100,1,100,0,100
TGGAAAGTGAGTTCA,100,100,21,100,100,100,100,3,98,99,97,100
GTTTGAAGCTAAAAG,99,99,0,0,99,100,100,0,100,0,0,0
TAATCTTACAACCAG,99,35,0,99,98,1,100,100,96,96,96,93
TACAGGGCTTTTGAC,100,99,100,100,100,100,100,100,0,100,100,100
TCTTACGCAATATAA,100,100,100,100,100,100,0,100,0,100,99,100
GTTGTTTTAGATTTT,0,98,4,2,0,0,0,0,89,2,0,97
TATTTTGCTTCCACT,100,100,41,97,96,100,0,41,97,2,3,100
TAAGCCATTACCATA,0,0,73,0,0,0,0,0,0,0,1,0
AGGCAGCAGTAGGGG,1,99,0,100,100,49,100,0,0,100,1,0
GAGCCCTAATGTGTA,97,81,40,96,74,99,96,99,90,89,43,100
TTGTATCAAAGTAGC,100,99,100,100,99,99,100,100,100,100,100,0
AATGGTGTTGAAGGT,99,0,96,100,0,99,32,0,99,1,5,4
TGAACAACTGGACTT,100,0,0,0,0,0,0,0,0,0,0,0
GTGATTCTTCTTCAG,99,60,98,100,100,98,0,91,36,95,100,100
AATGTCTGATAATGG,0,100,99,100,0,100,100,95,100,100,99,100
